,movie id,movie title,Release Year,unknown,Action,Adventure,Animation,Children,Comedy,Crime,Documentary,Drama,Fantasy,Film-Noir,Horror,Musical,Mystery,Romance,Sci-Fi,Thriller,War,Western,SimilarMovie,count
92,119,Maya Lin: A Strong Clear Vision,1994,0,0,0,0,0,0,0,1,0,0,0,0,0,0,0,0,0,0,0,1.0,67
575,1072,"Pyromaniac's Love Story, A",1995,0,0,0,0,0,1,0,0,0,0,0,0,0,0,1,0,0,0,0,1.0,66
88,113,"Horseman on the Roof, The (Hussard sur le toit, Le)",1995,0,0,0,0,0,0,0,0,1,0,0,0,0,0,0,0,0,0,0,1.0,67
7,9,Dead Man Walking,1995,0,0,0,0,0,0,0,0,1,0,0,0,0,0,0,0,0,0,0,0.9999999999999998,89
421,557,Farinelli: il castrato,1994,0,0,0,0,0,0,0,0,1,0,0,0,1,0,0,0,0,0,0,0.9819805060619659,70
541,854,Bad Taste,1987,0,0,0,0,0,1,0,0,0,0,0,1,0,0,0,0,0,0,0,0.9468641529479986,66
412,534,Traveller,1997,0,0,0,0,0,0,0,0,1,0,0,0,0,0,0,0,0,0,0,0.9467292624062574,54
339,446,Burnt Offerings,1976,0,0,0,0,0,0,0,0,0,0,0,1,0,0,0,0,0,0,0,0.8660254037844387,121
577,1100,What Happened Was...,1994,0,0,0,0,0,1,0,0,1,0,0,0,0,0,1,0,0,0,0,0.8528028654224417,74
562,958,To Live (Huozhe),1994,0,0,0,0,0,0,0,0,1,0,0,0,0,0,0,0,0,0,0,0.8528028654224417,64
417,548,"NeverEnding Story III, The",1994,0,0,0,0,1,0,0,0,0,1,0,0,0,0,0,0,0,0,0,0.8091547798786779,92
435,594,Heavy,1995,0,0,0,0,0,0,0,0,1,0,0,0,0,0,1,0,0,0,0,0.7559289460184545,64
305,394,Radioland Murders,1994,0,0,0,0,0,1,0,0,0,0,0,0,0,1,1,0,0,0,0,0.6933752452815363,56
102,130,Kansas City,1996,0,0,0,0,0,0,1,0,0,0,0,0,0,0,0,0,0,0,0,0.6839061884675603,95
285,344,"Apostle, The",1997,0,0,0,0,0,0,0,0,1,0,0,0,0,0,0,0,0,0,0,0.6279174757129099,65
321,416,Old Yeller,1957,0,0,0,0,1,0,0,0,1,0,0,0,0,0,0,0,0,0,0,0.6242356437186911,73
484,689,"Jackal, The",1997,0,1,0,0,0,0,0,0,0,0,0,0,0,0,0,0,1,0,0,0.6145555885585705,155
563,968,"Inspector General, The",1949,0,0,0,0,0,0,0,0,0,0,0,0,1,0,0,0,0,0,0,0.6123724356957946,75
463,653,Touch of Evil,1958,0,0,0,0,0,0,1,0,0,0,1,0,0,0,0,0,1,0,0,0.6022213590550771,147
183,214,Pink Floyd - The Wall,1982,0,0,0,0,0,0,0,0,1,0,0,0,1,0,0,0,0,1,0,0.5874396515529844,212
457,646,Once Upon a Time in the West,1969,0,0,0,0,0,0,0,0,0,0,0,0,0,0,0,0,0,0,1,0.571262658391602,70
386,503,"Candidate, The",1972,0,0,0,0,0,0,0,0,1,0,0,0,0,0,0,0,0,0,0,0.570747858359858,122
488,698,"Browning Version, The",1994,0,0,0,0,0,0,0,0,1,0,0,0,0,0,0,0,0,0,0,0.5345224838248487,102
286,345,Deconstructing Harry,1997,0,0,0,0,0,1,0,0,1,0,0,0,0,0,0,0,0,0,0,0.527147622004136,126
405,524,"Great Dictator, The",1940,0,0,0,0,0,1,0,0,0,0,0,0,0,0,0,0,0,0,0,0.5140471049370251,73
268,320,Paradise Lost: The Child Murders at Robin Hood Hills,1996,0,0,0,0,0,0,0,1,0,0,0,0,0,0,0,0,0,0,0,0.5085774536813069,169
461,650,"Seventh Seal, The (Sjunde inseglet, Det)",1957,0,0,0,0,0,0,0,0,1,0,0,0,0,0,0,0,0,0,0,0.5062150992232656,171
282,341,Critical Care,1997,0,0,0,0,0,1,0,0,0,0,0,0,0,0,0,0,0,0,0,0.5,52
433,587,"Hour of the Pig, The",1993,0,0,0,0,0,0,0,0,1,0,0,0,0,1,0,0,0,0,0,0.49507377148833714,202
422,558,Heavenly Creatures,1994,0,0,0,0,0,0,0,0,1,1,0,0,0,0,0,0,1,0,0,0.491848802753297,137
366,481,"Apartment, The",1960,0,0,0,0,0,1,0,0,1,0,0,0,0,0,0,0,0,0,0,0.4910830538826201,128
309,401,"Brady Bunch Movie, The",1995,0,0,0,0,0,1,0,0,0,0,0,0,0,0,0,0,0,0,0,0.488807653369944,170
347,460,"Crossing Guard, The",1995,0,0,0,0,0,0,0,0,1,0,0,0,0,0,0,0,0,0,0,0.4837500754062026,74
83,101,Heavy Metal,1981,0,1,1,1,0,0,0,0,0,0,0,1,0,0,0,1,0,0,0,0.48303036707316255,54
464,654,Chinatown,1974,0,0,0,0,0,0,0,0,0,0,1,0,0,1,0,0,1,0,0,0.4826718456083356,227
149,180,Apocalypse Now,1979,0,0,0,0,0,0,0,0,1,0,0,0,0,0,0,0,0,1,0,0.4719418530051885,507
578,1118,Up in Smoke,1978,0,0,0,0,0,1,0,0,0,0,0,0,0,0,0,0,0,0,0,0.4650818449190139,59
513,743,"Crow: City of Angels, The",1996,0,1,0,0,0,0,0,0,0,0,0,0,0,0,0,0,1,0,0,0.46225665750418465,92
514,745,"Ruling Class, The",1972,0,0,0,0,0,1,0,0,0,0,0,0,0,0,0,0,0,0,0,0.46153846153846145,119
564,1008,I Shot Andy Warhol,1996,0,0,0,0,0,0,0,0,1,0,0,0,0,0,0,0,0,0,0,0.45973107030614213,64
528,780,Dumb & Dumber,1994,0,0,0,0,0,1,0,0,0,0,0,0,0,0,0,0,0,0,0,0.4577506472502721,84
520,753,Burnt By the Sun,1994,0,0,0,0,0,0,0,0,1,0,0,0,0,0,0,0,0,0,0,0.4555734516094202,57
203,236,Citizen Ruth,1996,0,0,0,0,0,1,0,0,1,0,0,0,0,0,0,0,0,0,0,0.45242370040395175,384
416,545,Vampire in Brooklyn,1995,0,0,0,0,0,1,0,0,0,0,0,0,0,0,1,0,0,0,0,0.4472135954999579,254
552,918,City of Angels,1998,0,0,0,0,0,0,0,0,0,0,0,0,0,0,1,0,0,0,0,0.4472135954999579,96
132,163,"Return of the Pink Panther, The",1974,0,0,0,0,0,1,0,0,0,0,0,0,0,0,0,0,0,0,0,0.44459289543674835,151
431,581,Kalifornia,1993,0,0,0,0,0,0,0,0,1,0,0,0,0,0,0,0,1,0,0,0.4365622084876537,168
335,433,Heathers,1989,0,0,0,0,0,1,0,0,0,0,0,0,0,0,0,0,0,0,0,0.4314630264512155,67
257,304,Fly Away Home,1996,0,0,1,0,1,0,0,0,0,0,0,0,0,0,0,0,0,0,0,0.4292087622962122,87
86,108,Kids in the Hall: Brain Candy,1996,0,0,0,0,0,1,0,0,0,0,0,0,0,0,0,0,0,0,0,0.42355673087820306,130
539,846,To Gillian on Her 37th Birthday,1996,0,0,0,0,0,0,0,0,1,0,0,0,0,0,1,0,0,0,0,0.42274690344968263,55
550,885,Phantoms,1998,0,0,0,0,0,0,0,0,0,0,0,1,0,0,0,0,0,0,0,0.42257712736425823,53
521,754,Red Corner,1997,0,0,0,0,0,0,1,0,0,0,0,0,0,0,0,0,1,0,0,0.4212741749264701,96
390,507,"Streetcar Named Desire, A",1951,0,0,0,0,0,0,0,0,1,0,0,0,0,0,0,0,0,0,0,0.4206270969665264,215
266,317,In the Name of the Father,1993,0,0,0,0,0,0,0,0,1,0,0,0,0,0,0,0,0,0,0,0.40967460063301736,298
110,139,"Love Bug, The",1969,0,0,0,0,1,1,0,0,0,0,0,0,0,0,0,0,0,0,0,0.40599897147057507,61
491,706,Bad Moon,1996,0,0,0,0,0,0,0,0,0,0,0,1,0,0,0,0,0,0,0,0.40451991747794525,70
68,86,"Remains of the Day, The",1993,0,0,0,0,0,0,0,0,1,0,0,0,0,0,0,0,0,0,0,0.40020317182438975,138
166,197,"Graduate, The",1967,0,0,0,0,0,0,0,0,1,0,0,0,0,0,1,0,0,0,0,0.399293096510931,127
391,508,"People vs. Larry Flynt, The",1996,0,0,0,0,0,0,0,0,1,0,0,0,0,0,0,0,0,0,0,0.3900616916406454,121
97,124,Lone Star,1996,0,0,0,0,0,0,0,0,1,0,0,0,0,1,0,0,0,0,0,0.38807702285255113,244
296,379,Tales From the Crypt Presents: Demon Knight,1995,0,0,0,0,0,0,0,0,0,0,0,1,0,0,0,0,0,0,0,0.38626965196845364,116
212,248,Grosse Pointe Blank,1997,0,0,0,0,0,1,1,0,0,0,0,0,0,0,0,0,0,0,0,0.38538085189606897,130
181,212,"Unbearable Lightness of Being, The",1988,0,0,0,0,0,0,0,0,1,0,0,0,0,0,0,0,0,0,0,0.38197071335377014,134
554,923,Raise the Red Lantern,1991,0,0,0,0,0,0,0,0,1,0,0,0,0,0,0,0,0,0,0,0.38168119526881844,85
90,116,Cold Comfort Farm,1995,0,0,0,0,0,1,0,0,0,0,0,0,0,0,0,0,0,0,0,0.38036428876737,378
46,59,Three Colors: Red,1994,0,0,0,0,0,0,0,0,1,0,0,0,0,0,0,0,0,0,0,0.37876883238105813,64
352,467,"Bronx Tale, A",1993,0,0,0,0,0,0,0,0,1,0,0,0,0,0,0,0,0,0,0,0.3763696288709417,64
200,232,Young Guns,1988,0,1,0,0,0,1,0,0,0,0,0,0,0,0,0,0,0,0,1,0.3759179940296742,124
12,14,"Postino, Il",1994,0,0,0,0,0,0,0,0,1,0,0,0,0,0,1,0,0,0,0,0.3749689472969512,293
502,723,Boys on the Side,1995,0,0,0,0,0,1,0,0,1,0,0,0,0,0,0,0,0,0,0,0.3721740365924434,76
106,134,Citizen Kane,1941,0,0,0,0,0,0,0,0,1,0,0,0,0,0,0,0,0,0,0,0.36578214282572674,259
100,127,"Godfather, The",1972,0,1,0,0,0,0,1,0,1,0,0,0,0,0,0,0,0,0,0,0.36375310565148933,65
455,639,"Tin Drum, The (Blechtrommel, Die)",1979,0,0,0,0,0,0,0,0,1,0,0,0,0,0,0,0,0,0,0,0.36329162224350997,82
310,402,Ghost,1990,0,0,0,0,0,1,0,0,0,0,0,0,0,0,1,0,1,0,0,0.3627024334503809,201
397,514,Annie Hall,1977,0,0,0,0,0,1,0,0,0,0,0,0,0,0,1,0,0,0,0,0.3616173944515171,201
327,424,Children of the Corn: The Gathering,1996,0,0,0,0,0,0,0,0,0,0,0,1,0,0,0,0,0,0,0,0.3615933190191574,85
399,516,Local Hero,1983,0,0,0,0,0,1,0,0,0,0,0,0,0,0,0,0,0,0,0,0.3609755479113927,91
267,318,Schindler's List,1993,0,0,0,0,0,0,0,0,1,0,0,0,0,0,0,0,0,1,0,0.3606166065684793,168
192,224,Ridicule,1996,0,0,0,0,0,0,0,0,1,0,0,0,0,0,0,0,0,0,0,0.3555795011093797,109
214,251,Shall We Dance?,1996,0,0,0,0,0,1,0,0,0,0,0,0,0,0,0,0,0,0,0,0.35432073472023734,158
5,7,Twelve Monkeys,1995,0,0,0,0,0,0,0,0,1,0,0,0,0,0,0,1,0,0,0,0.3528846866351104,219
292,366,Dangerous Minds,1995,0,0,0,0,0,0,0,0,1,0,0,0,0,0,0,0,0,0,0,0.35248038845079616,170
439,602,"American in Paris, An",1951,0,0,0,0,0,0,0,0,0,0,0,0,1,0,1,0,0,0,0,0.352353892304603,209
441,605,Meet Me in St. Louis,1944,0,0,0,0,0,0,0,0,0,0,0,0,1,0,0,0,0,0,0,0.35000000000000003,66
123,154,Monty Python's Life of Brian,1979,0,0,0,0,0,1,0,0,0,0,0,0,0,0,0,0,0,0,0,0.34992182029896335,98
278,332,Kiss the Girls,1997,0,0,0,0,0,0,1,0,1,0,0,0,0,0,0,0,1,0,0,0.3478309143184199,251
131,162,On Golden Pond,1981,0,0,0,0,0,0,0,0,1,0,0,0,0,0,0,0,0,0,0,0.3478041718201262,92
388,505,Dial M for Murder,1954,0,0,0,0,0,0,0,0,0,0,0,0,0,1,0,0,1,0,0,0.3438426234609543,90
443,608,Spellbound,1945,0,0,0,0,0,0,0,0,0,0,0,0,0,1,1,0,1,0,0,0.3429692286801254,60
186,217,Bram Stoker's Dracula,1992,0,0,0,0,0,0,0,0,0,0,0,1,0,0,1,0,0,0,0,0.3410597845304423,171
492,707,Enchanted April,1991,0,0,0,0,0,0,0,0,1,0,0,0,0,0,0,0,0,0,0,0.33925732143633075,101
113,142,Bedknobs and Broomsticks,1971,0,0,1,0,1,0,0,0,0,0,0,0,1,0,0,0,0,0,0,0.33775556607131685,222
276,330,187,1997,0,0,0,0,0,0,0,0,1,0,0,0,0,0,0,0,0,0,0,0.33752637027780724,113
281,339,Mad City,1997,0,1,0,0,0,0,0,0,1,0,0,0,0,0,0,0,0,0,0,0.33489658155762525,189
37,49,I.Q.,1994,0,0,0,0,0,1,0,0,0,0,0,0,0,0,1,0,0,0,0,0.33477208640760536,583
401,518,Miller's Crossing,1990,0,0,0,0,0,0,0,0,1,0,0,0,0,0,0,0,0,0,0,0.33344202845136534,80
396,513,"Third Man, The",1949,0,0,0,0,0,0,0,0,0,0,0,0,0,1,0,0,1,0,0,0.3334230786505744,180
28,37,Nadja,1994,0,0,0,0,0,0,0,0,1,0,0,0,0,0,0,0,0,0,0,0.3333333333333333,120
453,632,Sophie's Choice,1982,0,0,0,0,0,0,0,0,1,0,0,0,0,0,0,0,0,0,0,0.33324325031914487,69
35,47,Ed Wood,1994,0,0,0,0,0,1,0,0,1,0,0,0,0,0,0,0,0,0,0,0.3300142653253792,117
36,48,Hoop Dreams,1994,0,0,0,0,0,0,0,1,0,0,0,0,0,0,0,0,0,0,0,0.32828217322954206,81
180,211,M*A*S*H,1970,0,0,0,0,0,1,0,0,0,0,0,0,0,0,0,0,0,1,0,0.32678429971744233,92
112,141,"20,000 Leagues Under the Sea",1954,0,0,1,0,1,0,0,0,0,1,0,0,0,0,0,1,0,0,0,0.32464960352027744,57
41,53,Natural Born Killers,1994,0,1,0,0,0,0,0,0,0,0,0,0,0,0,0,0,1,0,0,0.3233696215879483,104
290,356,"Client, The",1994,0,0,0,0,0,0,0,0,1,0,0,0,0,1,0,0,1,0,0,0.3222838642177481,264
238,283,Emma,1996,0,0,0,0,0,0,0,0,1,0,0,0,0,0,1,0,0,0,0,0.3217615720845215,193
434,590,Hellraiser: Bloodline,1996,0,1,0,0,0,0,0,0,0,0,0,1,0,0,0,1,0,0,0,0.32163376045133846,178
232,276,Leaving Las Vegas,1995,0,0,0,0,0,0,0,0,1,0,0,0,0,0,1,0,0,0,0,0.3209964081408655,71
233,277,Restoration,1995,0,0,0,0,0,0,0,0,1,0,0,0,0,0,0,0,0,0,0,0.318485361313503,60
512,741,"Last Supper, The",1995,0,0,0,0,0,0,0,0,1,0,0,0,0,0,0,0,1,0,0,0.31817060539562975,267
376,491,"Adventures of Robin Hood, The",1938,0,1,1,0,0,0,0,0,0,0,0,0,0,0,0,0,0,0,0,0.3173709594070137,59
518,749,"MatchMaker, The",1997,0,0,0,0,0,1,0,0,0,0,0,0,0,0,1,0,0,0,0,0.31518680652066455,124
505,731,"Corrina, Corrina",1994,0,0,0,0,0,1,0,0,1,0,0,0,0,0,1,0,0,0,0,0.3148066118222031,180
311,403,Batman,1989,0,1,1,0,0,0,1,0,1,0,0,0,0,0,0,0,0,0,0,0.3138633626059054,101
394,511,Lawrence of Arabia,1962,0,0,1,0,0,0,0,0,0,0,0,0,0,0,0,0,0,1,0,0.31369892147867023,57
210,244,Smilla's Sense of Snow,1997,0,1,0,0,0,0,0,0,1,0,0,0,0,0,0,0,1,0,0,0.3110537137854302,240
482,686,"Perfect World, A",1993,0,1,0,0,0,0,0,0,1,0,0,0,0,0,0,0,0,0,0,0.3104781885404651,69
566,1011,2 Days in the Valley,1996,0,0,0,0,0,0,1,0,0,0,0,0,0,0,0,0,0,0,0,0.3102665824824381,100
63,80,Hot Shots! Part Deux,1993,0,1,0,0,0,1,0,0,0,0,0,0,0,0,0,0,0,1,0,0.3086767025790309,110
350,464,Vanya on 42nd Street,1994,0,0,0,0,0,0,0,0,1,0,0,0,0,0,0,0,0,0,0,0.305887645160749,85
139,170,Cinema Paradiso,1988,0,0,0,0,0,1,0,0,1,0,0,0,0,0,1,0,0,0,0,0.3055450427365204,65
55,68,"Crow, The",1994,0,1,0,0,0,0,0,0,0,0,0,0,0,0,1,0,1,0,0,0.30485057254600006,321
108,136,Mr. Smith Goes to Washington,1939,0,0,0,0,0,0,0,0,1,0,0,0,0,0,0,0,0,0,0,0.30159890339892714,171
485,691,Dark City,1998,0,0,0,0,0,0,0,0,0,0,1,0,0,0,0,1,1,0,0,0.30151134457776363,164
373,488,Sunset Blvd.,1950,0,0,0,0,0,0,0,0,0,0,1,0,0,0,0,0,0,0,0,0.30034150978922264,52
241,286,"English Patient, The",1996,0,0,0,0,0,0,0,0,1,0,0,0,0,0,1,0,0,1,0,0.2999459450119102,78
291,357,One Flew Over the Cuckoo's Nest,1975,0,0,0,0,0,0,0,0,1,0,0,0,0,0,0,0,0,0,0,0.299661458601555,143
362,477,Matilda,1996,0,0,0,0,1,1,0,0,0,0,0,0,0,0,0,0,0,0,0,0.2929301614330269,104
420,553,"Walk in the Clouds, A",1995,0,0,0,0,0,0,0,0,1,0,0,0,0,0,1,0,0,0,0,0.2922514594898699,102
103,131,Breakfast at Tiffany's,1961,0,0,0,0,0,0,0,0,1,0,0,0,0,0,1,0,0,0,0,0.2922037915986711,246
157,188,Full Metal Jacket,1987,0,1,0,0,0,0,0,0,1,0,0,0,0,0,0,0,0,1,0,0.2910115499791156,66
538,844,Freeway,1996,0,0,0,0,0,0,1,0,0,0,0,0,0,0,0,0,0,0,0,0.29091082248664063,176
408,527,Gandhi,1982,0,0,0,0,0,0,0,0,1,0,0,0,0,0,0,0,0,0,0,0.2903202032453274,121
445,614,Giant,1956,0,0,0,0,0,0,0,0,1,0,0,0,0,0,0,0,0,0,0,0.2900793532942292,59
45,58,Quiz Show,1994,0,0,0,0,0,0,0,0,1,0,0,0,0,0,0,0,0,0,0,0.2886751345948131,83
178,209,This Is Spinal Tap,1984,0,0,0,0,0,1,0,0,1,0,0,0,1,0,0,0,0,0,0,0.28865623904939713,331
349,462,Like Water For Chocolate (Como agua para chocolate),1992,0,0,0,0,0,0,0,0,1,0,0,0,0,0,1,0,0,0,0,0.28809521494908236,71
11,13,Mighty Aphrodite,1995,0,0,0,0,0,1,0,0,0,0,0,0,0,0,0,0,0,0,0,0.28774410177752097,183
322,417,"Parent Trap, The",1961,0,0,0,0,1,0,0,0,1,0,0,0,0,0,0,0,0,0,0,0.2877363511831756,129
184,215,Field of Dreams,1989,0,0,0,0,0,0,0,0,1,0,0,0,0,0,0,0,0,0,0,0.28761050098115243,290
468,659,Arsenic and Old Lace,1944,0,0,0,0,0,1,0,0,0,0,0,0,0,1,0,0,1,0,0,0.286480404141662,153
224,268,Chasing Amy,1997,0,0,0,0,0,0,0,0,1,0,0,0,0,0,1,0,0,0,0,0.2861195938997705,315
250,297,Ulee's Gold,1997,0,0,0,0,0,0,0,0,1,0,0,0,0,0,0,0,0,0,0,0.28541516011321283,194
254,301,In & Out,1997,0,0,0,0,0,1,0,0,0,0,0,0,0,0,0,0,0,0,0,0.2850814270527631,297
330,428,Harold and Maude,1971,0,0,0,0,0,1,0,0,0,0,0,0,0,0,0,0,0,0,0,0.28343958747458226,97
452,631,"Crying Game, The",1992,0,1,0,0,0,0,0,0,1,0,0,0,0,0,1,0,0,1,0,0.28184978577417535,58
144,175,Brazil,1985,0,0,0,0,0,0,0,0,0,0,0,0,0,0,0,1,0,0,0,0.28087107964131347,284
460,649,Once Upon a Time in America,1984,0,0,0,0,0,0,1,0,1,0,0,0,0,0,0,0,1,0,0,0.28029711763071435,72
465,656,M,1931,0,0,0,0,0,0,1,0,0,0,1,0,0,0,0,0,1,0,0,0.2777910365438184,131
60,76,Carlito's Way,1993,0,0,0,0,0,0,1,0,1,0,0,0,0,0,0,0,0,0,0,0.2772289850453855,151
519,750,Amistad,1997,0,0,0,0,0,0,0,0,1,0,0,0,0,0,0,0,0,0,0,0.2742151313349823,180
231,275,Sense and Sensibility,1995,0,0,0,0,0,0,0,0,1,0,0,0,0,0,1,0,0,0,0,0.27205514978175865,298
64,81,"Hudsucker Proxy, The",1994,0,0,0,0,0,1,0,0,0,0,0,0,0,0,1,0,0,0,0,0.2712947065220114,261
199,231,Batman Returns,1992,0,1,1,0,0,1,1,0,0,0,0,0,0,0,0,0,0,0,0,0.2696055862723058,101
337,435,Butch Cassidy and the Sundance Kid,1969,0,1,0,0,0,1,0,0,0,0,0,0,0,0,0,0,0,0,1,0.2694757337424297,99
320,415,"Apple Dumpling Gang, The",1975,0,0,0,0,1,1,0,0,0,0,0,0,0,0,0,0,0,0,1,0.26892643710023856,64
470,661,High Noon,1952,0,0,0,0,0,0,0,0,0,0,0,0,0,0,0,0,0,0,1,0.26827168499433,82
170,201,Evil Dead II,1987,0,1,1,0,0,1,0,0,0,0,0,1,0,0,0,0,0,0,0,0.2672691807987602,280
371,486,Sabrina,1954,0,0,0,0,0,1,0,0,0,0,0,0,0,0,1,0,0,0,0,0.26480549695863986,68
75,93,Welcome to the Dollhouse,1995,0,0,0,0,0,1,0,0,1,0,0,0,0,0,0,0,0,0,0,0.264215210505088,137
493,708,"Sex, Lies, and Videotape",1989,0,0,0,0,0,0,0,0,1,0,0,0,0,0,0,0,0,0,0,0.2631188200330502,104
172,203,Unforgiven,1992,0,0,0,0,0,0,0,0,0,0,0,0,0,0,0,0,0,0,1,0.2623052649071052,350
364,479,Vertigo,1958,0,0,0,0,0,0,0,0,0,0,0,0,0,1,0,0,1,0,0,0.2621314937656953,179
160,191,Amadeus,1984,0,0,0,0,0,0,0,0,1,0,0,0,0,1,0,0,0,0,0,0.2576084594344428,116
312,404,Pinocchio,1940,0,0,0,1,1,0,0,0,0,0,0,0,0,0,0,0,0,0,0,0.2566001196398337,344
228,272,Good Will Hunting,1997,0,0,0,0,0,0,0,0,1,0,0,0,0,0,0,0,0,0,0,0.2527851929476584,223
190,221,Breaking the Waves,1996,0,0,0,0,0,0,0,0,1,0,0,0,0,0,0,0,0,0,0,0.25261788661725176,365
40,52,"Madness of King George, The",1994,0,0,0,0,0,0,0,0,1,0,0,0,0,0,0,0,0,0,0,0.2525005215151157,128
176,207,Cyrano de Bergerac,1990,0,1,0,0,0,0,0,0,1,0,0,0,0,0,1,0,0,0,0,0.25208409978749247,200
59,72,"Mask, The",1994,0,0,0,0,0,1,1,0,0,1,0,0,0,0,0,0,0,0,0,0.2513258429660023,128
531,805,Manhattan Murder Mystery,1993,0,0,0,0,0,1,0,0,0,0,0,0,0,1,0,0,0,0,0,0.251259453814803,50
454,635,"Fog, The",1980,0,0,0,0,0,0,0,0,0,0,0,1,0,0,0,0,0,0,0,0.2502232475515557,91
156,187,"Godfather: Part II, The",1974,0,1,0,0,0,0,1,0,1,0,0,0,0,0,0,0,0,0,0,0.24984938691448846,170
57,70,Four Weddings and a Funeral,1994,0,0,0,0,0,1,0,0,0,0,0,0,0,0,1,0,0,0,0,0.24640928521250713,220
413,537,My Own Private Idaho,1991,0,0,0,0,0,0,0,0,1,0,0,0,0,0,0,0,0,0,0,0.2450283944994902,66
458,647,Ran,1985,0,0,0,0,0,0,0,0,1,0,0,0,0,0,0,0,0,1,0,0.24418274498250095,67
367,482,Some Like It Hot,1959,0,0,0,0,0,1,1,0,0,0,0,0,0,0,0,0,0,0,0,0.24169478204315373,243
389,506,Rebel Without a Cause,1955,0,0,0,0,0,0,0,0,1,0,0,0,0,0,0,0,0,0,0,0.2406169983831742,98
459,648,"Quiet Man, The",1952,0,0,0,0,0,1,0,0,0,0,0,0,0,0,1,0,0,0,0,0.23943158841698758,50
20,24,Rumble in the Bronx,1995,0,1,1,0,0,0,1,0,0,0,0,0,0,0,0,0,0,0,0,0.23861811706222213,293
368,483,Casablanca,1942,0,0,0,0,0,0,0,0,1,0,0,0,0,0,1,0,0,1,0,0.23751660336891703,138
430,580,"Englishman Who Went Up a Hill, But Came Down a Mountain, The",1995,0,0,0,0,0,1,0,0,0,0,0,0,0,0,1,0,0,0,0,0.23746289932024542,59
525,767,"Addiction, The",1995,0,0,0,0,0,0,0,0,0,0,0,1,0,0,0,0,0,0,0,0.23544080467400555,52
378,493,"Thin Man, The",1934,0,0,0,0,0,0,0,0,0,0,0,0,0,1,0,0,0,0,0,0.23541811049065015,56
560,945,Charade,1963,0,0,0,0,0,1,0,0,0,0,0,0,0,1,1,0,1,0,0,0.23242037511636277,61
209,242,Kolya,1996,0,0,0,0,0,1,0,0,0,0,0,0,0,0,0,0,0,0,0,0.2320062857546485,132
205,238,Raising Arizona,1987,0,0,0,0,0,1,0,0,0,0,0,0,0,0,0,0,0,0,0,0.23109916942433997,150
289,355,Sphere,1998,0,0,1,0,0,0,0,0,0,0,0,0,0,0,0,1,1,0,0,0.23039085827211206,97
473,671,Bride of Frankenstein,1935,0,0,0,0,0,0,0,0,0,0,0,1,0,0,0,0,0,0,0,0.2302677915253314,65
360,475,Trainspotting,1996,0,0,0,0,0,0,0,0,1,0,0,0,0,0,0,0,0,0,0,0.22923324874257647,160
51,64,"Shawshank Redemption, The",1994,0,0,0,0,0,0,0,0,1,0,0,0,0,0,0,0,0,0,0,0.22819258485217672,115
54,67,Ace Ventura: Pet Detective,1994,0,0,0,0,0,1,0,0,0,0,0,0,0,0,0,0,0,0,0,0.2277160601550473,134
182,213,"Room with a View, A",1986,0,0,0,0,0,0,0,0,1,0,0,0,0,0,1,0,0,0,0,0.2268490773011768,114
469,660,Fried Green Tomatoes,1991,0,0,0,0,0,0,0,0,1,0,0,0,0,0,0,0,0,0,0,0.2267422993169706,88
14,18,"White Balloon, The",1995,0,0,0,0,0,0,0,0,1,0,0,0,0,0,0,0,0,0,0,0.22501758018520476,69
559,933,"Funeral, The",1996,0,0,0,0,0,0,0,0,1,0,0,0,0,0,0,0,0,0,0,0.2243872776020298,68
13,16,French Twist (Gazon maudit),1995,0,0,0,0,0,1,0,0,0,0,0,0,0,0,1,0,0,0,0,0.22408152080036814,92
140,171,Delicatessen,1991,0,0,0,0,0,1,0,0,0,0,0,0,0,0,0,1,0,0,0,0.22306060818873072,367
403,520,"Great Escape, The",1963,0,0,1,0,0,0,0,0,0,0,0,0,0,0,0,0,0,1,0,0.22255045738882676,120
354,469,Short Cuts,1993,0,0,0,0,0,0,0,0,1,0,0,0,0,0,0,0,0,0,0,0.2225456674537091,108
174,205,Patton,1970,0,0,0,0,0,0,0,0,1,0,0,0,0,0,0,0,0,1,0,0.22117576948363846,50
167,198,Nikita (La Femme Nikita),1990,0,0,0,0,0,0,0,0,0,0,0,0,0,0,0,0,1,0,0,0.22068814407681156,165
133,164,"Abyss, The",1989,0,1,1,0,0,0,0,0,0,0,0,0,0,0,0,1,1,0,0,0.22027507914528063,64
272,324,Lost Highway,1997,0,0,0,0,0,0,0,0,0,0,0,0,0,1,0,0,0,0,0,0.2192830636971144,128
407,526,Ben-Hur,1959,0,1,1,0,0,0,0,0,1,0,0,0,0,0,0,0,0,0,0,0.21792278458752143,195
258,305,"Ice Storm, The",1997,0,0,0,0,0,0,0,0,1,0,0,0,0,0,0,0,0,0,0,0.21778739486656332,96
496,714,Carrington,1995,0,0,0,0,0,0,0,0,1,0,0,0,0,0,1,0,0,0,0,0.21693045781865616,87
33,44,Dolores Claiborne,1994,0,0,0,0,0,0,0,0,1,0,0,0,0,0,0,0,1,0,0,0.21612671013439402,80
72,90,So I Married an Axe Murderer,1993,0,0,0,0,0,1,0,0,0,0,0,0,0,0,1,0,1,0,0,0.215854268412601,143
240,285,Secrets & Lies,1996,0,0,0,0,0,0,0,0,1,0,0,0,0,0,0,0,0,0,0,0.21537864352819397,481
3,4,Get Shorty,1995,0,1,0,0,0,1,0,0,1,0,0,0,0,0,0,0,0,0,0,0.21493434541173723,86
146,177,"Good, The Bad and The Ugly, The",1966,0,1,0,0,0,0,0,0,0,0,0,0,0,0,0,0,0,0,1,0.2148397918574596,125
316,410,Kingpin,1996,0,0,0,0,0,1,0,0,0,0,0,0,0,0,0,0,0,0,0,0.21201910857218756,163
377,492,East of Eden,1955,0,0,0,0,0,0,0,0,1,0,0,0,0,0,0,0,0,0,0,0.20833837821813275,60
275,327,Cop Land,1997,0,0,0,0,0,0,1,0,1,0,0,0,0,1,0,0,0,0,0,0.20813377475781758,295
169,200,"Shining, The",1980,0,0,0,0,0,0,0,0,0,0,0,1,0,0,0,0,0,0,0,0.20675296749250655,89
384,500,Fly Away Home,1996,0,0,1,0,1,0,0,0,0,0,0,0,0,0,0,0,0,0,0,0.20526804799512588,123
415,543,"Mis√©rables, Les",1995,0,0,0,0,0,0,0,0,1,0,0,0,1,0,0,0,0,0,0,0.20412414523193156,71
392,509,My Left Foot,1989,0,0,0,0,0,0,0,0,1,0,0,0,0,0,0,0,0,0,0,0.2040731129190182,121
95,122,"Cable Guy, The",1996,0,0,0,0,0,1,0,0,0,0,0,0,0,0,0,0,0,0,0,0.20370070060737444,115
126,157,Platoon,1986,0,0,0,0,0,0,0,0,1,0,0,0,0,0,0,0,0,1,0,0.20198472166173712,60
219,258,Contact,1997,0,0,0,0,0,0,0,0,1,0,0,0,0,0,0,1,0,0,0,0.20118567513179253,162
82,100,Fargo,1996,0,0,0,0,0,0,1,0,1,0,0,0,0,0,0,0,1,0,0,0.19909026774670205,73
418,549,Rob Roy,1995,0,0,0,0,0,0,0,0,1,0,0,0,0,0,1,0,0,1,0,0.19883549452832672,151
262,311,"Wings of the Dove, The",1997,0,0,0,0,0,0,0,0,1,0,0,0,0,0,1,0,1,0,0,0.19759471417303084,80
147,178,12 Angry Men,1957,0,0,0,0,0,0,0,0,1,0,0,0,0,0,0,0,0,0,0,0.19607883410751406,221
374,489,Notorious,1946,0,0,0,0,0,0,0,0,0,0,1,0,0,0,1,0,1,0,0,0.19505539032141797,50
363,478,"Philadelphia Story, The",1940,0,0,0,0,0,1,0,0,0,0,0,0,0,0,1,0,0,0,0,0.19172819426603552,179
244,289,Evita,1996,0,0,0,0,0,0,0,0,1,0,0,0,1,0,0,0,0,0,0,0.18886944223062066,96
153,184,Army of Darkness,1993,0,1,1,0,0,1,0,0,0,0,0,1,0,0,0,1,0,0,0,0.18676308761194774,239
225,269,"Full Monty, The",1997,0,0,0,0,0,1,0,0,0,0,0,0,0,0,0,0,0,0,0,0.1852740466489771,136
476,675,"Nosferatu (Nosferatu, eine Symphonie des Grauens)",1922,0,0,0,0,0,0,0,0,0,0,0,1,0,0,0,0,0,0,0,0.18366622139412553,77
504,728,Junior,1994,0,0,0,0,0,1,0,0,0,0,0,0,0,0,0,1,0,0,0,0.18364700495703265,81
344,451,Grease,1978,0,0,0,0,0,1,0,0,0,0,0,0,1,0,1,0,0,0,0,0.18332774010197453,66
77,95,Aladdin,1992,0,0,0,1,1,1,0,0,0,0,0,0,1,0,0,0,0,0,0,0.1828101703425401,295
206,239,Sneakers,1992,0,0,0,0,0,0,1,0,1,0,0,0,0,0,0,1,0,0,0,0.18250041936083897,156
85,107,Moll Flanders,1996,0,0,0,0,0,0,0,0,1,0,0,0,0,0,0,0,0,0,0,0.18212833856189722,65
256,303,Ulee's Gold,1997,0,0,0,0,0,0,0,0,1,0,0,0,0,0,0,0,0,0,0,0.18060591596957326,149
177,208,Young Frankenstein,1974,0,0,0,0,0,1,0,0,0,0,0,1,0,0,0,0,0,0,0,0.17749914749912277,191
317,411,"Nutty Professor, The",1996,0,0,0,0,0,1,0,0,0,1,0,0,0,0,1,1,0,0,0,0.176477725043237,93
151,182,GoodFellas,1990,0,0,0,0,0,0,1,0,1,0,0,0,0,0,0,0,0,0,0,0.17502117319682683,291
213,249,Austin Powers: International Man of Mystery,1997,0,0,0,0,0,1,0,0,0,0,0,0,0,0,0,0,0,0,0,0.1742650349915051,197
328,426,"Transformers: The Movie, The",1986,0,1,0,1,1,0,0,0,0,0,0,0,0,0,0,1,1,1,0,0.1717355162964367,219
348,461,Smoke,1995,0,0,0,0,0,0,0,0,1,0,0,0,0,0,0,0,0,0,0,0.17113285768971548,148
365,480,North by Northwest,1959,0,0,0,0,0,1,0,0,0,0,0,0,0,0,0,0,1,0,0,0.16900316096587603,63
361,476,"First Wives Club, The",1996,0,0,0,0,0,1,0,0,0,0,0,0,0,0,0,0,0,0,0,0.16721520958923494,95
27,32,Crumb,1994,0,0,0,0,0,0,0,1,0,0,0,0,0,0,0,0,0,0,0,0.1659898702239622,97
494,709,Strictly Ballroom,1992,0,0,0,0,0,1,0,0,0,0,0,0,0,0,1,0,0,0,0,0.16465378030037658,79
74,92,True Romance,1993,0,1,0,0,0,0,1,0,0,0,0,0,0,0,1,0,0,0,0,0.16370142420531178,112
30,39,Strange Days,1995,0,1,0,0,0,0,1,0,0,0,0,0,0,0,0,1,0,0,0,0.16360490523842666,57
221,261,Air Bud,1997,0,0,0,0,1,1,0,0,0,0,0,0,0,0,0,0,0,0,0,0.1624374572114772,66
450,628,Sleepers,1996,0,0,0,0,0,0,1,0,1,0,0,0,0,0,0,0,0,0,0,0.16225270624659158,77
161,192,Raging Bull,1980,0,0,0,0,0,0,0,0,1,0,0,0,0,0,0,0,0,0,0,0.16143921014021403,157
137,168,Monty Python and the Holy Grail,1974,0,0,0,0,0,1,0,0,0,0,0,0,0,0,0,0,0,0,0,0.1609511597315517,118
466,657,"Manchurian Candidate, The",1962,0,0,0,0,0,0,0,0,0,0,1,0,0,0,0,0,1,0,0,0.15991256070295687,79
96,123,"Frighteners, The",1996,0,0,0,0,0,1,0,0,0,0,0,1,0,0,0,0,0,0,0,0.15978054700932584,187
358,473,James and the Giant Peach,1996,0,0,0,1,1,0,0,0,0,0,0,0,1,0,0,0,0,0,0,0.15782864357455142,194
119,150,Swingers,1996,0,0,0,0,0,1,0,0,1,0,0,0,0,0,0,0,0,0,0,0.15759174150917546,326
19,23,Taxi Driver,1976,0,0,0,0,0,0,0,0,1,0,0,0,0,0,0,0,1,0,0,0.15688656938731127,174
164,195,"Terminator, The",1984,0,1,0,0,0,0,0,0,0,0,0,0,0,0,0,1,1,0,0,0.15600778305396673,251
532,812,Andre,1994,0,0,1,0,1,0,0,0,0,0,0,0,0,0,0,0,0,0,0,0.15554275420956382,56
340,447,Carrie,1976,0,0,0,0,0,0,0,0,0,0,0,1,0,0,0,0,0,0,0,0.1553229276162596,85
43,55,"Professional, The",1994,0,0,0,0,0,0,1,0,1,0,0,0,0,0,1,0,1,0,0,0.15426409533287233,394
329,427,To Kill a Mockingbird,1962,0,0,0,0,0,0,0,0,1,0,0,0,0,0,0,0,0,0,0,0.15361760396451674,121
18,22,Braveheart,1995,0,1,0,0,0,0,0,0,1,0,0,0,0,0,0,0,0,1,0,0.15090408605872657,182
81,99,Snow White and the Seven Dwarfs,1937,0,0,0,1,1,0,0,0,0,0,0,0,1,0,0,0,0,0,0,0.150433229243092,508
381,496,It's a Wonderful Life,1946,0,0,0,0,0,0,0,0,1,0,0,0,0,0,0,0,0,0,0,0.14985864801496948,68
425,567,Wes Craven's New Nightmare,1994,0,0,0,0,0,0,0,0,0,0,0,1,0,0,0,0,0,0,0,0.1497861723788195,230
124,155,Dirty Dancing,1987,0,0,0,0,0,0,0,0,0,0,0,0,1,0,1,0,0,0,0,0.14847920331545092,148
428,575,City Slickers II: The Legend of Curly's Gold,1994,0,0,0,0,0,1,0,0,0,0,0,0,0,0,0,0,0,0,1,0.14671923085641897,93
179,210,Indiana Jones and the Last Crusade,1989,0,1,1,0,0,0,0,0,0,0,0,0,0,0,0,0,0,0,0,0.14650036781468806,206
125,156,Reservoir Dogs,1992,0,0,0,0,0,0,1,0,0,0,0,0,0,0,0,0,1,0,0,0.14526163309554424,127
173,204,Back to the Future,1985,0,0,0,0,0,1,0,0,0,0,0,0,0,0,0,1,0,0,0,0.14512043527278148,136
202,234,Jaws,1975,0,1,0,0,0,0,0,0,0,0,0,1,0,0,0,0,0,0,0,0.14505525769692662,217
165,196,Dead Poets Society,1989,0,0,0,0,0,0,0,0,1,0,0,0,0,0,0,0,0,0,0,0.14422136156240878,239
71,89,Blade Runner,1982,0,0,0,0,0,0,0,0,0,0,1,0,0,0,0,1,0,0,0,0.1435700965474675,95
495,712,Tin Men,1987,0,0,0,0,0,1,0,0,1,0,0,0,0,0,0,0,0,0,0,0.1431312533929027,72
122,153,"Fish Called Wanda, A",1988,0,0,0,0,0,1,0,0,0,0,0,0,0,0,0,0,0,0,0,0.14231616002024935,174
162,193,"Right Stuff, The",1983,0,0,0,0,0,0,0,0,1,0,0,0,0,0,0,0,0,0,0,0.14213814418557866,241
10,12,"Usual Suspects, The",1995,0,0,0,0,0,0,1,0,0,0,0,0,0,0,0,0,1,0,0,0.14202306064893655,184
118,149,Jude,1996,0,0,0,0,0,0,0,0,1,0,0,0,0,0,0,0,0,0,0,0.14139596495608492,157
58,71,"Lion King, The",1994,0,0,0,1,1,0,0,0,0,0,0,0,1,0,0,0,0,0,0,0.14091892317040003,129
359,474,Dr. Strangelove or: How I Learned to Stop Worrying and Love the Bomb,1963,0,0,0,0,0,0,0,0,0,0,0,0,0,0,0,1,0,1,0,0.14065770291823457,250
553,922,Dead Man,1995,0,0,0,0,0,0,0,0,0,0,0,0,0,0,0,0,0,0,1,0.1403748401634669,58
382,497,Bringing Up Baby,1938,0,0,0,0,0,1,0,0,0,0,0,0,0,0,0,0,0,0,0,0.139984447036557,152
189,220,"Mirror Has Two Faces, The",1996,0,0,0,0,0,1,0,0,0,0,0,0,0,0,1,0,0,0,0,0.13985562987244826,74
385,501,Dumbo,1941,0,0,0,1,1,0,0,0,0,0,0,0,1,0,0,0,0,0,0,0.13793925835225976,57
489,701,"Wonderful, Horrible Life of Leni Riefenstahl, The",1993,0,0,0,0,0,0,0,1,0,0,0,0,0,0,0,0,0,0,0,0.13762047064079508,53
22,26,"Brothers McMullen, The",1995,0,0,0,0,0,1,0,0,0,0,0,0,0,0,0,0,0,0,0,0.13608276348795434,57
159,190,Henry V,1989,0,0,0,0,0,0,0,0,1,0,0,0,0,0,0,0,0,1,0,0.13452884617323405,276
158,189,"Grand Day Out, A",1992,0,0,0,1,0,1,0,0,0,0,0,0,0,0,0,0,0,0,0,0.13407572504379514,124
515,746,Real Genius,1985,0,0,0,0,0,1,0,0,0,0,0,0,0,0,0,0,0,0,0,0.13395267470507147,102
148,179,"Clockwork Orange, A",1971,0,0,0,0,0,0,0,0,0,0,0,0,0,0,0,1,0,0,0,0.13335453130038116,221
507,735,Philadelphia,1993,0,0,0,0,0,0,0,0,1,0,0,0,0,0,0,0,0,0,0,0.13311410383750077,78
120,151,Willy Wonka and the Chocolate Factory,1971,0,0,1,0,1,1,0,0,0,0,0,0,0,0,0,0,0,0,0,0.13161914477799574,82
264,315,Apt Pupil,1998,0,0,0,0,0,0,0,0,1,0,0,0,0,0,0,0,1,0,0,0.13067000711889246,112
0,1,Toy Story,1995,0,0,0,1,1,1,0,0,0,0,0,0,0,0,0,0,0,0,0,0.13035845575029065,131
409,528,"Killing Fields, The",1984,0,0,0,0,0,0,0,0,1,0,0,0,0,0,0,0,0,1,0,0.12954372789794655,93
248,293,Donnie Brasco,1997,0,0,0,0,0,0,1,0,1,0,0,0,0,0,0,0,0,0,0,0.1291078498533292,485
78,96,Terminator 2: Judgment Day,1991,0,1,0,0,0,0,0,0,0,0,0,0,0,0,0,1,1,0,0,0.1290818473051622,256
227,271,Starship Troopers,1997,0,1,1,0,0,0,0,0,0,0,0,0,0,0,0,1,0,1,0,0.12898654877823265,198
446,615,"39 Steps, The",1935,0,0,0,0,0,0,0,0,0,0,0,0,0,0,0,0,1,0,0,0.1282014012576949,64
130,161,Top Gun,1986,0,1,0,0,0,0,0,0,0,0,0,0,0,0,1,0,0,0,0,0.12680778730929504,106
370,485,My Fair Lady,1964,0,0,0,0,0,0,0,0,0,0,0,0,1,0,1,0,0,0,0,0.12385446782545537,64
168,199,"Bridge on the River Kwai, The",1957,0,0,0,0,0,0,0,0,1,0,0,0,0,0,0,0,0,1,0,0.12366520717077144,206
447,618,Picnic,1955,0,0,0,0,0,0,0,0,1,0,0,0,0,0,0,0,0,0,0,0.12360330811826103,64
261,310,"Rainmaker, The",1997,0,0,0,0,0,0,0,0,1,0,0,0,0,0,0,0,0,0,0,0.12344080147059612,75
223,264,Mimic,1997,0,0,0,0,0,0,0,0,0,0,0,0,0,0,0,1,1,0,0,0.12237339385974583,227
536,825,"Arrival, The",1996,0,1,0,0,0,0,0,0,0,0,0,0,0,0,0,1,1,0,0,0.12050538221757527,80
255,302,L.A. Confidential,1997,0,0,0,0,0,0,1,0,0,0,1,0,0,1,0,0,1,0,0,0.11878260653388792,134
341,448,"Omen, The",1976,0,0,0,0,0,0,0,0,0,0,0,1,0,0,0,0,0,0,0,0.1177759532052971,117
127,158,Weekend at Bernie's,1989,0,0,0,0,0,1,0,0,0,0,0,0,0,0,0,0,0,0,0,0.11479280427897076,101
440,603,Rear Window,1954,0,0,0,0,0,0,0,0,0,0,0,0,0,1,0,0,1,0,0,0.11447298266504194,81
462,651,Glory,1989,0,1,0,0,0,0,0,0,1,0,0,0,0,0,0,0,0,1,0,0.11427933818562055,90
323,418,Cinderella,1950,0,0,0,1,1,0,0,0,0,0,0,0,1,0,0,0,0,0,0,0.11416009461791625,178
9,11,Seven (Se7en),1995,0,0,0,0,0,0,1,0,0,0,0,0,0,0,0,0,1,0,0,0.1141571506321499,267
498,716,Home for the Holidays,1995,0,0,0,0,0,0,0,0,1,0,0,0,0,0,1,0,0,0,0,0.11166444121071044,82
21,25,"Birdcage, The",1996,0,0,0,0,0,1,0,0,0,0,0,0,0,0,0,0,0,0,0,0.1114707986408494,73
104,132,"Wizard of Oz, The",1939,0,0,1,0,1,0,0,0,1,0,0,0,1,0,0,0,0,0,0,0.11110589817238019,171
152,183,Alien,1979,0,1,0,0,0,0,0,0,0,0,0,1,0,0,0,1,1,0,0,0.11098068866059431,116
220,259,George of the Jungle,1997,0,0,0,0,1,1,0,0,0,0,0,0,0,0,0,0,0,0,0,0.10930853442598024,127
406,525,"Big Sleep, The",1946,0,0,0,0,0,0,0,0,0,0,1,0,0,1,0,0,0,0,0,0.10858884503981404,124
467,658,Pump Up the Volume,1990,0,0,0,0,0,0,0,0,1,0,0,0,0,0,0,0,0,0,0,0.10652996135832284,115
155,186,"Blues Brothers, The",1980,0,1,0,0,0,1,0,0,0,0,0,0,1,0,0,0,0,0,0,0.10647972966585911,209
273,325,Crash,1996,0,0,0,0,0,0,0,0,1,0,0,0,0,0,0,0,1,0,0,0.10408360324765069,175
187,218,Cape Fear,1991,0,0,0,0,0,0,0,0,0,0,0,0,0,0,0,0,1,0,0,0.10149244981754608,111
243,288,Scream,1996,0,0,0,0,0,0,0,0,0,0,0,1,0,0,0,0,1,0,0,0.09970860173791601,259
47,60,Three Colors: Blue,1993,0,0,0,0,0,0,0,0,1,0,0,0,0,0,0,0,0,0,0,0.09946353173381009,59
393,510,"Magnificent Seven, The",1954,0,1,0,0,0,0,0,0,1,0,0,0,0,0,0,0,0,0,1,0.0981237317541274,173
449,627,Robin Hood: Prince of Thieves,1991,0,0,0,0,0,0,0,0,1,0,0,0,0,0,0,0,0,0,0,0.09706783892302231,169
6,8,Babe,1995,0,0,0,0,1,1,0,0,1,0,0,0,0,0,0,0,0,0,0,0.09667374895531572,299
432,583,Romeo Is Bleeding,1993,0,0,0,0,0,0,1,0,0,0,0,0,0,0,0,0,1,0,0,0.0963731237885821,79
568,1015,Shiloh,1997,0,0,0,0,1,0,0,0,1,0,0,0,0,0,0,0,0,0,0,0.0958706236059213,137
497,715,To Die For,1995,0,0,0,0,0,1,0,0,1,0,0,0,0,0,0,0,0,0,0,0.09460357570432222,58
105,133,Gone with the Wind,1939,0,0,0,0,0,0,0,0,1,0,0,0,0,0,1,0,0,1,0,0.09420437895861133,198
471,662,Somewhere in Time,1980,0,0,0,0,0,0,0,0,1,0,0,0,0,0,1,0,0,0,0,0.09264821092241593,116
424,565,Village of the Damned,1995,0,0,0,0,0,0,0,0,0,0,0,1,0,0,0,0,1,0,0,0.09090909090909091,179
208,241,"Last of the Mohicans, The",1992,0,1,0,0,0,0,0,0,0,0,0,0,0,0,1,0,0,1,0,0.0899758541619843,117
107,135,2001: A Space Odyssey,1968,0,0,0,0,0,0,0,0,1,0,0,0,0,1,0,1,1,0,0,0.08992432574519231,105
565,1010,Basquiat,1996,0,0,0,0,0,0,0,0,1,0,0,0,0,0,0,0,0,0,0,0.08850130404923036,93
287,346,Jackie Brown,1997,0,0,0,0,0,0,1,0,1,0,0,0,0,0,0,0,0,0,0,0.0884310746186366,137
196,228,Star Trek: The Wrath of Khan,1982,0,1,1,0,0,0,0,0,0,0,0,0,0,0,0,1,0,0,0,0.08828683876292862,171
188,219,"Nightmare on Elm Street, A",1984,0,0,0,0,0,0,0,0,0,0,0,1,0,0,0,0,0,0,0,0.08774487084525613,66
298,381,Muriel's Wedding,1994,0,0,0,0,0,1,0,0,0,0,0,0,0,0,1,0,0,0,0,0.08728740950573734,111
117,147,"Long Kiss Goodnight, The",1996,0,1,0,0,0,0,0,0,0,0,0,0,0,0,0,0,1,0,0,0.08414406833552236,128
437,596,"Hunchback of Notre Dame, The",1996,0,0,0,1,1,0,0,0,0,0,0,0,1,0,0,0,0,0,0,0.08395750426974996,206
508,736,Shadowlands,1993,0,0,0,0,0,0,0,0,1,0,0,0,0,0,1,0,0,0,0,0.08373872617186177,59
48,61,Three Colors: White,1994,0,0,0,0,0,0,0,0,1,0,0,0,0,0,0,0,0,0,0,0.08348471099367219,127
136,167,Private Benjamin,1980,0,0,0,0,0,1,0,0,0,0,0,0,0,0,0,0,0,0,0,0.08175447246599257,316
304,392,"Man Without a Face, The",1993,0,0,0,0,0,0,0,0,1,0,0,0,0,0,0,0,0,0,0,0.08125813010643979,192
380,495,Around the World in 80 Days,1956,0,0,1,0,0,1,0,0,0,0,0,0,0,0,0,0,0,0,0,0.08074083165267944,231
274,326,G.I. Jane,1997,0,1,0,0,0,0,0,0,1,0,0,0,0,0,0,0,0,1,0,0.0803335663256335,175
383,498,"African Queen, The",1951,0,1,1,0,0,0,0,0,0,0,0,0,0,0,1,0,0,1,0,0.08021033894623907,62
138,169,"Wrong Trousers, The",1993,0,0,0,1,0,1,0,0,0,0,0,0,0,0,0,0,0,0,0,0.07927014389103389,121
451,630,"Great Race, The",1965,0,0,0,0,0,1,0,0,0,0,0,0,1,0,0,0,0,0,0,0.07715167498104596,119
62,79,"Fugitive, The",1993,0,1,0,0,0,0,0,0,0,0,0,0,0,0,0,0,1,0,0,0.07571036351301003,68
555,925,Unforgettable,1996,0,0,0,0,0,0,0,0,0,0,0,0,0,0,0,1,1,0,0,0.07225409478521688,101
234,279,Once Upon a Time... When We Were Colored,1995,0,0,0,0,0,0,0,0,1,0,0,0,0,0,0,0,0,0,0,0.07147135179576967,85
411,530,"Man Who Would Be King, The",1975,0,0,1,0,0,0,0,0,0,0,0,0,0,0,0,0,0,0,0,0.0713056376783548,129
259,306,"Mrs. Brown (Her Majesty, Mrs. Brown)",1997,0,0,0,0,0,0,0,0,1,0,0,0,0,0,1,0,0,0,0,0.07106690545187017,188
398,515,"Boot, Das",1981,0,1,0,0,0,0,0,0,1,0,0,0,0,0,0,0,0,1,0,0.07000510467492578,63
236,281,"River Wild, The",1994,0,1,0,0,0,0,0,0,0,0,0,0,0,0,0,0,1,0,0,0.06840755667647316,232
52,65,What's Eating Gilbert Grape,1993,0,0,0,0,0,1,0,0,1,0,0,0,0,0,0,0,0,0,0,0.06492180049325838,162
284,343,Alien: Resurrection,1997,0,1,0,0,0,0,0,0,0,0,0,1,0,0,0,1,0,0,0,0.06402755200372408,55
207,240,Beavis and Butt-head Do America,1996,0,0,0,1,0,1,0,0,0,0,0,0,0,0,0,0,0,0,0,0.06376943612879574,128
204,237,Jerry Maguire,1996,0,0,0,0,0,0,0,0,1,0,0,0,0,0,1,0,0,0,0,0.061243240597173364,256
145,176,Aliens,1986,0,1,0,0,0,0,0,0,0,0,0,0,0,0,0,1,1,1,0,0.06112643382350135,137
324,419,Mary Poppins,1964,0,0,0,0,1,1,0,0,0,0,0,0,1,0,0,0,0,0,0,0.06035857077108168,81
239,284,Tin Cup,1996,0,0,0,0,0,1,0,0,0,0,0,0,0,0,1,0,0,0,0,0.06002984129440687,162
142,173,"Princess Bride, The",1987,0,1,1,0,0,1,0,0,0,0,0,0,0,0,1,0,0,0,0,0.05857616887686377,420
79,97,Dances with Wolves,1990,0,0,1,0,0,0,0,0,1,0,0,0,0,0,0,0,0,0,1,0.05848488006359375,390
2,3,Four Rooms,1995,0,0,0,0,0,0,0,0,0,0,0,0,0,0,0,0,1,0,0,0.05750571683163189,209
69,87,Searching for Bobby Fischer,1993,0,0,0,0,0,0,0,0,1,0,0,0,0,0,0,0,0,0,0,0.05682510363312381,213
342,449,Star Trek: The Motion Picture,1979,0,1,1,0,0,0,0,0,0,0,0,0,0,0,0,1,0,0,0,0.05629360044565004,63
39,51,Legends of the Fall,1994,0,0,0,0,0,0,0,0,1,0,0,0,0,0,1,0,0,1,1,0.054229065992825454,91
185,216,When Harry Met Sally...,1989,0,0,0,0,0,1,0,0,0,0,0,0,0,0,1,0,0,0,0,0.05313044955152857,120
314,408,"Close Shave, A",1995,0,0,0,1,0,1,0,0,0,0,0,0,0,0,0,0,1,0,0,0.05279281971876124,70
545,872,Love Jones,1997,0,0,0,0,0,0,0,0,0,0,0,0,0,0,1,0,0,0,0,0.05002251519889961,81
325,420,Alice in Wonderland,1951,0,0,0,1,1,0,0,0,0,0,0,0,1,0,0,0,0,0,0,0.049582494053427836,106
217,256,When the Cats Away (Chacun cherche son chat),1996,0,0,0,0,0,1,0,0,0,0,0,0,0,0,1,0,0,0,0,0.047404546313997716,303
543,865,"Ice Storm, The",1997,0,0,0,0,0,0,0,0,1,0,0,0,0,0,0,0,0,0,0,0.043916287509105895,119
547,876,Money Talks,1997,0,1,0,0,0,1,0,0,0,0,0,0,0,0,0,0,0,0,0,0.04292201287670881,52
356,471,Courage Under Fire,1996,0,0,0,0,0,0,0,0,1,0,0,0,0,0,0,0,0,1,0,0.03791083154299036,158
263,312,Midnight in the Garden of Good and Evil,1997,0,0,0,0,0,1,1,0,1,0,0,0,0,1,0,0,0,0,0,0.037889169327519824,350
24,28,Apollo 13,1995,0,1,0,0,0,0,0,0,1,0,0,0,0,0,0,0,1,0,0,0.037473783929419587,114
301,385,True Lies,1994,0,1,1,0,0,1,0,0,0,0,0,0,0,0,1,0,0,0,0,0.036625936684119884,87
551,886,"Life Less Ordinary, A",1997,0,0,0,0,0,0,0,0,0,0,0,0,0,0,1,0,1,0,0,0.03641785203646151,64
279,333,"Game, The",1997,0,0,0,0,0,0,0,0,0,0,0,0,0,1,0,0,1,0,0,0.03329694302484975,64
442,606,All About Eve,1950,0,0,0,0,0,0,0,0,1,0,0,0,0,0,0,0,0,0,0,0.03211733727581922,66
84,105,Sgt. Bilko,1996,0,0,0,0,0,1,0,0,0,0,0,0,0,0,0,0,0,0,0,0.030099445418124225,71
372,487,Roman Holiday,1953,0,0,0,0,0,1,0,0,0,0,0,0,0,0,1,0,0,0,0,0.02779655107892576,65
426,568,Speed,1994,0,1,0,0,0,0,0,0,0,0,0,0,0,0,1,0,1,0,0,0.02604589593829287,67
171,202,Groundhog Day,1993,0,0,0,0,0,1,0,0,0,0,0,0,0,0,1,0,0,0,0,0.025617474421042546,182
576,1073,Shallow Grave,1994,0,0,0,0,0,0,0,0,0,0,0,0,0,0,0,0,1,0,0,0.025019989226394933,77
141,172,"Empire Strikes Back, The",1980,0,1,1,0,0,0,0,0,1,0,0,0,0,0,1,1,0,1,0,0.024977546834652267,324
319,413,Tales from the Crypt Presents: Bordello of Blood,1996,0,0,0,0,0,0,0,0,0,0,0,1,0,0,0,0,0,0,0,0.024926884507872137,62
251,298,Face/Off,1997,0,1,0,0,0,0,0,0,0,0,0,0,0,0,0,1,1,0,0,0.024802191397402078,73
300,384,Naked Gun 33 1/3: The Final Insult,1994,0,0,0,0,0,1,0,0,0,0,0,0,0,0,0,0,0,0,0,0.02355278598829979,208
510,739,Pretty Woman,1990,0,0,0,0,0,1,0,0,0,0,0,0,0,0,1,0,0,0,0,0.022850468318231676,63
246,291,Absolute Power,1997,0,0,0,0,0,0,0,0,0,0,0,0,0,1,0,0,1,0,0,0.021242811055960917,114
277,331,"Edge, The",1997,0,0,1,0,0,0,0,0,0,0,0,0,0,0,0,0,1,0,0,0.01857183542699916,143
26,31,Crimson Tide,1995,0,0,0,0,0,0,0,0,1,0,0,0,0,0,0,0,1,1,0,0.018170440126370625,81
65,82,Jurassic Park,1993,0,1,1,0,0,0,0,0,0,0,0,0,0,0,0,1,0,0,0,0.01811380209336396,176
427,569,Wolf,1994,0,0,0,0,0,0,0,0,1,0,0,1,0,0,0,0,0,0,0,0.016177965802784116,50
101,128,Supercop,1992,0,1,0,0,0,0,0,0,0,0,0,0,0,0,0,0,1,0,0,0.01602408032726841,129
400,517,Manhattan,1979,0,0,0,0,0,1,0,0,1,0,0,0,0,0,1,0,0,0,0,0.015538934633366384,89
265,316,As Good As It Gets,1997,0,0,0,0,0,1,0,0,1,0,0,0,0,0,0,0,0,0,0,0.01402538085365436,102
143,174,Raiders of the Lost Ark,1981,0,1,1,0,0,0,0,0,0,0,0,0,0,0,0,0,0,0,0,0.012147006723812033,208
111,140,Homeward Bound: The Incredible Journey,1993,0,0,1,0,1,0,0,0,0,0,0,0,0,0,0,0,0,0,0,0.011829250804368158,72
115,144,Die Hard,1988,0,1,0,0,0,0,0,0,0,0,0,0,0,0,0,0,1,0,0,0.010729351776258491,65
195,227,Star Trek VI: The Undiscovered Country,1991,0,1,1,0,0,0,0,0,0,0,0,0,0,0,0,1,0,0,0,0.010410412288038181,244
242,287,Marvin's Room,1996,0,0,0,0,0,0,0,0,1,0,0,0,0,0,0,0,0,0,0,0.004490889287880785,478
387,504,Bonnie and Clyde,1967,0,0,0,0,0,0,1,0,1,0,0,0,0,0,0,0,0,0,0,0.0036684960719076723,68
114,143,"Sound of Music, The",1965,0,0,0,0,0,0,0,0,0,0,0,0,1,0,0,0,0,0,0,0.0016250649185934728,243
70,88,Sleepless in Seattle,1993,0,0,0,0,0,1,0,0,0,0,0,0,0,0,1,0,0,0,0,0.0011952368052719619,275
17,21,Muppet Treasure Island,1996,0,1,1,0,0,1,0,0,0,0,0,0,1,0,0,0,1,0,0,0.0006187100133389431,297
4,6,Shanghai Triad (Yao a yao yao dao waipo qiao),1995,0,0,0,0,0,0,0,0,1,0,0,0,0,0,0,0,0,0,0,0.0,392
571,1038,Switchback,1997,0,0,0,0,0,0,0,0,0,0,0,0,0,0,0,0,1,0,0,0.0,90
438,601,For Whom the Bell Tolls,1943,0,0,1,0,0,0,0,0,0,0,0,0,0,0,0,0,0,1,0,0.0,50
308,400,"Little Rascals, The",1994,0,0,0,0,1,1,0,0,0,0,0,0,0,0,0,0,0,0,0,0.0,76
345,454,Bastard Out of Carolina,1996,0,0,0,0,0,0,0,0,1,0,0,0,0,0,0,0,0,0,0,0.0,145
534,822,Faces,1968,0,0,0,0,0,0,0,0,1,0,0,0,0,0,0,0,0,0,0,0.0,82
109,138,D3: The Mighty Ducks,1996,0,0,0,0,1,1,0,0,0,0,0,0,0,0,0,0,0,0,0,0.0,50
336,434,Forbidden Planet,1956,0,0,0,0,0,0,0,0,0,0,0,0,0,0,0,1,0,0,0,-0.0015384597178002078,216
31,41,Billy Madison,1995,0,0,0,0,0,1,0,0,0,0,0,0,0,0,0,0,0,0,0,-0.003683647308067103,148
333,431,Highlander,1986,0,1,1,0,0,0,0,0,0,0,0,0,0,0,0,0,0,0,0,-0.0038898140302973823,174
129,160,Glengarry Glen Ross,1992,0,0,0,0,0,0,0,0,1,0,0,0,0,0,0,0,0,0,0,-0.006145560686806854,220
395,512,Wings of Desire,1987,0,0,0,0,0,1,0,0,1,0,0,0,0,0,1,0,0,0,0,-0.007304742430922482,72
134,165,Jean de Florette,1986,0,0,0,0,0,0,0,0,1,0,0,0,0,0,0,0,0,0,0,-0.009080034569573358,58
150,181,Return of the Jedi,1983,0,1,1,0,0,0,0,0,0,0,0,0,0,0,1,1,0,1,0,-0.01286059317640549,226
229,273,Heat,1995,0,1,0,0,0,0,1,0,0,0,0,0,0,0,0,0,1,0,0,-0.013586499061685589,190
80,98,"Silence of the Lambs, The",1991,0,0,0,0,0,0,0,0,1,0,0,0,0,0,0,0,1,0,0,-0.014023953815378406,172
56,69,Forrest Gump,1994,0,0,0,0,0,1,0,0,0,0,0,0,0,0,1,0,0,1,0,-0.014382760138425156,251
535,824,"Great White Hype, The",1996,0,0,0,0,0,1,0,0,0,0,0,0,0,0,0,0,0,0,0,-0.01901205474840846,83
42,54,Outbreak,1995,0,1,0,0,0,0,0,0,1,0,0,0,0,0,0,0,1,0,0,-0.022838836911255767,149
260,309,Deceiver,1997,0,0,0,0,0,0,1,0,0,0,0,0,0,0,0,0,0,0,0,-0.024753688574416875,145
154,185,Psycho,1960,0,0,0,0,0,0,0,0,0,0,0,1,0,0,1,0,1,0,0,-0.027491982334867035,251
516,747,Benny & Joon,1993,0,0,0,0,0,1,0,0,0,0,0,0,0,0,1,0,0,0,0,-0.028713294558719158,316
8,10,Richard III,1995,0,0,0,0,0,0,0,0,1,0,0,0,0,0,0,0,0,1,0,-0.029627191278012145,236
331,429,"Day the Earth Stood Still, The",1951,0,0,0,0,0,0,0,0,1,0,0,0,0,0,0,1,0,0,0,-0.03116272673962607,93
38,50,Star Wars,1977,0,1,1,0,0,0,0,0,0,0,0,0,0,0,1,1,0,1,0,-0.03198947662037195,81
529,789,Swimming with Sharks,1995,0,0,0,0,0,1,0,0,1,0,0,0,0,0,0,0,0,0,0,-0.032355174768226524,66
16,20,Angels and Insects,1995,0,0,0,0,0,0,0,0,1,0,0,0,0,0,1,0,0,0,0,-0.03248610613681573,84
404,522,Down by Law,1986,0,0,0,0,0,1,0,0,1,0,0,0,0,0,0,0,0,0,0,-0.03561222848978815,164
334,432,Fantasia,1940,0,0,0,1,1,0,0,0,0,0,0,0,1,0,0,0,0,0,0,-0.036838791184813396,171
524,762,Beautiful Girls,1996,0,0,0,0,0,0,0,0,1,0,0,0,0,0,0,0,0,0,0,-0.037079397333376576,149
357,472,Dragonheart,1996,0,1,1,0,0,0,0,0,0,1,0,0,0,0,0,0,0,0,0,-0.03995557146085059,126
351,465,"Jungle Book, The",1994,0,0,1,0,1,0,0,0,0,0,0,0,0,0,1,0,0,0,0,-0.040096346988231266,52
49,62,Stargate,1994,0,1,1,0,0,0,0,0,0,0,0,0,0,0,0,1,0,0,0,-0.04045296743410005,82
218,257,Men in Black,1997,0,1,1,0,0,1,0,0,0,0,0,0,0,0,0,1,0,0,0,-0.04156228829349956,509
53,66,While You Were Sleeping,1995,0,0,0,0,0,1,0,0,0,0,0,0,0,0,1,0,0,0,0,-0.04251481178880661,103
572,1040,Two if by Sea,1996,0,0,0,0,0,1,0,0,0,0,0,0,0,0,1,0,0,0,0,-0.04268673604765696,62
270,322,Murder at 1600,1997,0,0,0,0,0,0,0,0,0,0,0,0,0,1,0,0,1,0,0,-0.04425976820360073,240
237,282,"Time to Kill, A",1996,0,0,0,0,0,0,0,0,1,0,0,0,0,0,0,0,0,0,0,-0.044876586960194836,177
249,294,Liar Liar,1997,0,0,0,0,0,1,0,0,0,0,0,0,0,0,0,0,0,0,0,-0.05124159362964508,77
175,206,Akira,1988,0,0,1,1,0,0,0,0,0,0,0,0,0,0,0,1,1,0,0,-0.05146878452351644,66
193,225,101 Dalmatians,1996,0,0,0,0,1,1,0,0,0,0,0,0,0,0,0,0,0,0,0,-0.05171579584667694,166
44,57,Priest,1994,0,0,0,0,0,0,0,0,1,0,0,0,0,0,0,0,0,0,0,-0.054805645491778035,175
253,300,Air Force One,1997,0,1,0,0,0,0,0,0,0,0,0,0,0,0,0,0,1,0,0,-0.05574210227589646,230
91,117,"Rock, The",1996,0,1,1,0,0,0,0,0,0,0,0,0,0,0,0,0,1,0,0,-0.058024244821335676,293
557,929,Harriet the Spy,1996,0,0,0,0,1,1,0,0,0,0,0,0,0,0,0,0,0,0,0,-0.058167505074711065,80
297,380,Star Trek: Generations,1994,0,1,1,0,0,0,0,0,0,0,0,0,0,0,0,1,0,0,0,-0.0584411048077653,100
375,490,To Catch a Thief,1955,0,0,0,0,0,1,0,0,0,0,0,0,0,0,1,0,1,0,0,-0.059620199391706236,67
369,484,"Maltese Falcon, The",1941,0,0,0,0,0,0,0,0,0,0,1,0,0,1,0,0,0,0,0,-0.06269054634668242,125
93,120,Striptease,1996,0,0,0,0,0,1,1,0,0,0,0,0,0,0,0,0,0,0,0,-0.064790131918602,429
121,152,Sleeper,1973,0,0,0,0,0,1,0,0,0,0,0,0,0,0,0,1,0,0,0,-0.06561144125150897,247
486,692,"American President, The",1995,0,0,0,0,0,1,0,0,1,0,0,0,0,0,1,0,0,0,0,-0.06831345453849763,91
456,641,Paths of Glory,1957,0,0,0,0,0,0,0,0,1,0,0,0,0,0,0,0,0,1,0,-0.06982410961735915,89
294,370,Mary Reilly,1996,0,0,0,0,0,0,0,0,1,0,0,0,0,0,0,0,1,0,0,-0.07174300539794391,67
230,274,Sabrina,1995,0,0,0,0,0,1,0,0,0,0,0,0,0,0,1,0,0,0,0,-0.07927294774396322,268
34,46,Exotica,1994,0,0,0,0,0,0,0,0,1,0,0,0,0,0,0,0,0,0,0,-0.08207826816681235,133
574,1047,Multiplicity,1996,0,0,0,0,0,1,0,0,0,0,0,0,0,0,0,0,0,0,0,-0.08428825820556114,73
353,468,Rudy,1993,0,0,0,0,0,0,0,0,1,0,0,0,0,0,0,0,0,0,0,-0.08430971149680322,67
197,229,Star Trek III: The Search for Spock,1984,0,1,1,0,0,0,0,0,0,0,0,0,0,0,0,1,0,0,0,-0.08439221978011953,199
15,19,Antonia's Line,1995,0,0,0,0,0,0,0,0,1,0,0,0,0,0,0,0,0,0,0,-0.08632878737461953,72
61,78,Free Willy,1993,0,0,1,0,1,0,0,0,1,0,0,0,0,0,0,0,0,0,0,-0.08774330708611851,336
73,91,"Nightmare Before Christmas, The",1993,0,0,0,0,1,1,0,0,0,0,0,0,1,0,0,0,0,0,0,-0.08908310439891583,104
99,126,"Spitfire Grill, The",1996,0,0,0,0,0,0,0,0,1,0,0,0,0,0,0,0,0,0,0,-0.08987642170201889,413
338,440,Amityville II: The Possession,1982,0,0,0,0,0,0,0,0,0,0,0,1,0,0,0,0,0,0,0,-0.0909090909090909,53
94,121,Independence Day (ID4),1996,0,1,0,0,0,0,0,0,0,0,0,0,0,0,0,1,0,1,0,-0.09115083718991468,106
537,826,"Phantom, The",1996,0,0,1,0,0,0,0,0,0,0,0,0,0,0,0,0,0,0,0,-0.09299410645028389,57
410,529,My Life as a Dog (Mitt liv som hund),1985,0,0,0,0,0,0,0,0,1,0,0,0,0,0,0,0,0,0,0,-0.09619825326589582,80
25,30,Belle de jour,1967,0,0,0,0,0,0,0,0,1,0,0,0,0,0,0,0,0,0,0,-0.09962343947220231,154
271,323,Dante's Peak,1997,0,1,0,0,0,0,0,0,0,0,0,0,0,0,0,0,1,0,0,-0.10231007223129215,125
302,386,Addams Family Values,1993,0,0,0,0,0,1,0,0,0,0,0,0,0,0,0,0,0,0,0,-0.10242916628049523,65
163,194,"Sting, The",1973,0,0,0,0,0,1,1,0,0,0,0,0,0,0,0,0,0,0,0,-0.10457273518705211,301
517,748,"Saint, The",1997,0,1,0,0,0,0,0,0,0,0,0,0,0,0,1,0,1,0,0,-0.10498469793699254,51
480,684,In the Line of Fire,1993,0,1,0,0,0,0,0,0,0,0,0,0,0,0,0,0,1,0,0,-0.10510560566951316,157
523,761,Nick of Time,1995,0,1,0,0,0,0,0,0,0,0,0,0,0,0,0,0,1,0,0,-0.10575954701736394,115
477,678,Volcano,1997,0,0,0,0,0,0,0,0,1,0,0,0,0,0,0,0,1,0,0,-0.10718567827981737,107
506,734,Made in America,1993,0,0,0,0,0,1,0,0,0,0,0,0,0,0,0,0,0,0,0,-0.10810810810810804,137
501,721,Mallrats,1995,0,0,0,0,0,1,0,0,0,0,0,0,0,0,0,0,0,0,0,-0.11058094723555328,58
474,672,Candyman,1992,0,0,0,0,0,0,0,0,0,0,0,1,0,0,0,0,0,0,0,-0.11356577630390866,86
549,879,"Peacemaker, The",1997,0,1,0,0,0,0,0,0,0,0,0,0,0,0,0,0,1,1,0,-0.11362316030425078,59
355,470,Tombstone,1993,0,0,0,0,0,0,0,0,0,0,0,0,0,0,0,0,0,0,1,-0.1212913806260495,221
280,337,"House of Yes, The",1997,0,0,0,0,0,1,0,0,1,0,0,0,0,0,0,0,1,0,0,-0.12285902336679026,91
215,253,"Pillow Book, The",1995,0,0,0,0,0,0,0,0,1,0,0,0,0,0,1,0,0,0,0,-0.12309149097933274,62
318,412,"Very Brady Sequel, A",1996,0,0,0,0,0,1,0,0,0,0,0,0,0,0,0,0,0,0,0,-0.134234240965829,55
98,125,Phenomenon,1996,0,0,0,0,0,0,0,0,1,0,0,0,0,0,1,0,0,0,0,-0.1347370013071962,97
198,230,Star Trek IV: The Voyage Home,1986,0,1,1,0,0,0,0,0,0,0,0,0,0,0,0,1,0,0,0,-0.1360239479942425,142
235,280,Up Close and Personal,1996,0,0,0,0,0,0,0,0,1,0,0,0,0,0,1,0,0,0,0,-0.13680598203660624,146
194,226,Die Hard 2,1990,0,1,0,0,0,0,0,0,0,0,0,0,0,0,0,0,1,0,0,-0.14111887784858593,161
89,115,"Haunted World of Edward D. Wood Jr., The",1995,0,0,0,0,0,0,0,1,0,0,0,0,0,0,0,0,0,0,0,-0.14433756729740643,125
116,146,Unhook the Stars,1996,0,0,0,0,0,0,0,0,1,0,0,0,0,0,0,0,0,0,0,-0.1450036976414354,185
569,1016,Con Air,1997,0,1,1,0,0,0,0,0,0,0,0,0,0,0,0,0,1,0,0,-0.14538404892702061,50
533,819,Eddie,1996,0,0,0,0,0,1,0,0,0,0,0,0,0,0,0,0,0,0,0,-0.1535811716260814,93
526,769,Congo,1995,0,1,1,0,0,0,0,0,0,0,0,0,0,1,0,1,0,0,0,-0.1554536588635124,57
135,166,Manon of the Spring (Manon des sources),1986,0,0,0,0,0,0,0,0,1,0,0,0,0,0,0,0,0,0,0,-0.15609763526361584,67
343,450,Star Trek V: The Final Frontier,1989,0,1,1,0,0,0,0,0,0,0,0,0,0,0,0,1,0,0,0,-0.1563319051827645,170
379,494,His Girl Friday,1940,0,0,0,0,0,1,0,0,0,0,0,0,0,0,0,0,0,0,0,-0.15794960879990017,59
481,685,Executive Decision,1996,0,1,0,0,0,0,0,0,0,0,0,0,0,0,0,0,1,0,0,-0.16036413177268777,50
542,863,"Garden of Finzi-Contini, The (Giardino dei Finzi-Contini, Il)",1970,0,0,0,0,0,0,0,0,1,0,0,0,0,0,0,0,0,0,0,-0.16473324516446344,86
191,222,Star Trek: First Contact,1996,0,1,1,0,0,0,0,0,0,0,0,0,0,0,0,1,0,0,0,-0.17218410749616056,136
23,27,Bad Boys,1995,0,1,0,0,0,0,0,0,0,0,0,0,0,0,0,0,0,0,0,-0.1722943559320695,276
303,391,Last Action Hero,1993,0,1,0,0,0,1,0,0,0,0,0,0,0,0,0,0,0,0,0,-0.17872502241585794,68
226,270,Gattaca,1997,0,0,0,0,0,0,0,0,1,0,0,0,0,0,0,1,1,0,0,-0.17994228690319172,211
245,290,Fierce Creatures,1997,0,0,0,0,0,1,0,0,0,0,0,0,0,0,0,0,0,0,0,-0.18040165112755757,127
332,430,Duck Soup,1933,0,0,0,0,0,1,0,0,0,0,0,0,0,0,0,0,0,1,0,-0.18567111426238891,153
544,870,Touch,1997,0,0,0,0,0,0,0,0,0,0,0,0,0,0,1,0,0,0,0,-0.19364916731037085,75
283,342,"Man Who Knew Too Little, The",1997,0,0,0,0,0,1,0,0,0,0,0,0,0,1,0,0,0,0,0,-0.19765946491191377,124
490,704,"House of the Spirits, The",1993,0,0,0,0,0,0,0,0,1,0,0,0,0,0,1,0,0,0,0,-0.20000000000000004,137
269,321,Mother,1996,0,0,0,0,0,1,0,0,0,0,0,0,0,0,0,0,0,0,0,-0.2000816826662603,218
511,740,Jane Eyre,1996,0,0,0,0,0,0,0,0,1,0,0,0,0,0,1,0,0,0,0,-0.203565343123193,58
252,299,Hoodlum,1997,0,0,0,0,0,0,1,0,1,0,1,0,0,0,0,0,0,0,0,-0.2050171319659471,431
448,624,"Three Caballeros, The",1945,0,0,0,1,1,0,0,0,0,0,0,0,1,0,0,0,0,0,0,-0.2090199042874853,82
50,63,"Santa Clause, The",1994,0,0,0,0,1,1,0,0,0,0,0,0,0,0,0,0,0,0,0,-0.2091650066335189,283
556,927,"Flower of My Secret, The (Flor de mi secreto, La)",1995,0,0,0,0,0,0,0,0,1,0,0,0,0,0,0,0,0,0,0,-0.2100420126042015,104
211,245,"Devil's Own, The",1997,0,1,0,0,0,0,0,0,1,0,0,0,0,0,0,0,1,1,0,-0.21148467545847122,124
478,681,Wishmaster,1997,0,0,0,0,0,0,0,0,0,0,0,1,0,0,0,0,0,0,0,-0.21821789023599236,100
444,613,My Man Godfrey,1936,0,0,0,0,0,1,0,0,0,0,0,0,0,0,0,0,0,0,0,-0.22386075217339102,51
315,409,Jack,1996,0,0,0,0,0,1,0,0,1,0,0,0,0,0,0,0,0,0,0,-0.22835770025073313,162
573,1046,Malice,1993,0,0,0,0,0,0,0,0,0,0,0,0,0,0,0,0,1,0,0,-0.23315775949284198,134
402,519,"Treasure of the Sierra Madre, The",1948,0,0,1,0,0,0,0,0,0,0,0,0,0,0,0,0,0,0,0,-0.23824535174617348,124
247,292,Rosewood,1997,0,0,0,0,0,0,0,0,1,0,0,0,0,0,0,0,0,0,0,-0.23993756509145112,147
216,254,Batman & Robin,1997,0,1,1,0,0,0,1,0,0,0,0,0,0,0,0,0,0,0,0,-0.25391668753850394,172
479,683,Rocket Man,1997,0,0,0,0,0,1,0,0,0,0,0,0,0,0,0,0,0,0,0,-0.2547994364377378,169
128,159,Basic Instinct,1992,0,0,0,0,0,0,0,0,0,0,0,0,0,1,0,0,1,0,0,-0.25480030464330894,69
419,552,Species,1995,0,0,0,0,0,0,0,0,0,0,0,0,0,0,0,1,0,0,0,-0.2589438347819747,63
475,674,Cat People,1982,0,0,0,0,0,0,0,0,0,0,0,1,0,0,0,0,0,0,0,-0.2627034687463667,54
561,948,Booty Call,1997,0,0,0,0,0,1,0,0,0,0,0,0,0,0,1,0,0,0,0,-0.27138039085181304,71
201,233,Under Siege,1992,0,1,0,0,0,0,0,0,0,0,0,0,0,0,0,0,0,0,0,-0.27150995551522156,280
66,84,Robert A. Heinlein's The Puppet Masters,1994,0,0,0,0,0,0,0,0,0,0,0,1,0,0,0,1,0,0,0,-0.27216552697590873,58
558,930,Chain Reaction,1996,0,1,1,0,0,0,0,0,0,0,0,0,0,0,0,0,1,0,0,-0.27418566059770044,57
1,2,GoldenEye,1995,0,1,1,0,0,0,0,0,0,0,0,0,0,0,0,0,1,0,0,-0.2748886486055229,90
436,595,"Fan, The",1996,0,0,0,0,0,0,0,0,0,0,0,0,0,0,0,0,1,0,0,-0.27835576667176454,127
527,779,Drop Zone,1994,0,1,0,0,0,0,0,0,0,0,0,0,0,0,0,0,0,0,0,-0.2795084971874738,69
522,755,Jumanji,1995,0,1,1,0,1,0,0,0,0,1,0,0,0,0,0,1,0,0,0,-0.2957528252716692,128
503,726,Fluke,1995,0,0,0,0,1,0,0,0,1,0,0,0,0,0,0,0,0,0,0,-0.2975698503218077,63
540,848,"Murder, My Sweet",1944,0,0,0,0,0,0,0,0,0,0,1,0,0,0,0,0,1,0,0,-0.2988071523335984,53
414,541,Mortal Kombat,1995,0,1,1,0,0,0,0,0,0,0,0,0,0,0,0,0,0,0,0,-0.31322761935850457,51
546,874,Career Girls,1997,0,0,0,0,0,0,0,0,1,0,0,0,0,0,0,0,0,0,0,-0.31464592678570025,53
306,395,Robin Hood: Men in Tights,1993,0,0,0,0,0,1,0,0,0,0,0,0,0,0,0,0,0,0,0,-0.3148617649612011,54
499,719,Canadian Bacon,1994,0,0,0,0,0,1,0,0,0,0,0,0,0,0,0,0,0,1,0,-0.3150630189063022,86
87,110,Operation Dumbo Drop,1995,0,1,1,0,0,1,0,0,0,0,0,0,0,0,0,0,0,1,0,-0.3162277660168379,272
299,383,"Flintstones, The",1994,0,0,0,0,1,1,0,0,0,0,0,0,0,0,0,0,0,0,0,-0.31634332522625586,69
472,664,"Paris, Texas",1984,0,0,0,0,0,0,0,0,1,0,0,0,0,0,0,0,0,0,0,-0.3198010745334156,100
346,457,Free Willy 3: The Rescue,1997,0,0,1,0,1,0,0,0,1,0,0,0,0,0,0,0,0,0,0,-0.3446843283761255,90
509,738,Threesome,1994,0,0,0,0,0,1,0,0,0,0,0,0,0,0,1,0,0,0,0,-0.35267280792929917,164
313,407,Spy Hard,1996,0,0,0,0,0,1,0,0,0,0,0,0,0,0,0,0,0,0,0,-0.35925849560819945,112
295,377,Heavyweights,1994,0,0,0,0,1,1,0,0,0,0,0,0,0,0,0,0,0,0,0,-0.360301879288836,101
29,38,"Net, The",1995,0,0,0,0,0,0,0,0,0,0,0,0,0,0,0,1,1,0,0,-0.3605547041252374,87
76,94,Home Alone,1990,0,0,0,0,1,1,0,0,0,0,0,0,0,0,0,0,0,0,0,-0.36980013081681956,219
222,263,Steel,1997,0,1,0,0,0,0,0,0,0,0,0,0,0,0,0,0,0,0,0,-0.37741470621203455,101
500,720,First Knight,1995,0,1,1,0,0,0,0,0,1,0,0,0,0,0,1,0,0,0,0,-0.3806068735744741,54
307,398,Super Mario Bros.,1993,0,1,1,0,1,0,0,0,0,0,0,0,0,0,0,1,0,0,0,-0.41665471049321356,89
326,422,Aladdin and the King of Thieves,1996,0,0,0,1,1,1,0,0,0,0,0,0,0,0,0,0,0,0,0,-0.42257712736425823,300
67,85,"Ref, The",1994,0,0,0,0,0,1,0,0,0,0,0,0,0,0,0,0,0,0,0,-0.4444834739797452,150
429,577,Coneheads,1993,0,0,0,0,0,1,0,0,0,0,0,0,0,0,0,1,0,0,0,-0.459619407771256,92
567,1013,Anaconda,1997,0,1,1,0,0,0,0,0,0,0,0,0,0,0,0,0,1,0,0,-0.4776793453065411,98
293,368,Bio-Dome,1996,0,0,0,0,0,1,0,0,0,0,0,0,0,0,0,0,0,0,0,-0.5234535539934807,55
487,695,Kicking and Screaming,1995,0,0,0,0,0,1,0,0,1,0,0,0,0,0,0,0,0,0,0,-0.5345224838248487,79
32,43,Disclosure,1994,0,0,0,0,0,0,0,0,1,0,0,0,0,0,0,0,1,0,0,-0.5382100495103626,79
570,1034,"Quest, The",1996,0,1,1,0,0,0,0,0,0,0,0,0,0,0,0,0,0,0,0,-0.5691604887655424,68
548,878,That Darn Cat!,1997,0,0,0,0,1,1,0,0,0,0,0,0,0,1,0,0,0,0,0,-0.6227523687795278,136
423,560,"Kid in King Arthur's Court, A",1995,0,0,1,0,1,1,0,0,0,1,0,0,0,0,1,1,0,0,0,-0.6363961030678926,59
483,688,Leave It to Beaver,1997,0,0,0,0,0,1,0,0,0,0,0,0,0,0,0,0,0,0,0,-0.7109361731353578,87
530,791,"Baby-Sitters Club, The",1995,0,0,0,0,1,0,0,0,0,0,0,0,0,0,0,0,0,0,0,-0.8134892168199606,86
288,353,Deep Rising,1998,0,1,0,0,0,0,0,0,0,0,0,1,0,0,0,1,0,0,0,-1.0,72
